{
  "textures": {
    "all": "ocean_additions:colony_queen_offense/all"
  },
  "elements": [
    {
      "from": [
        6.0,
        6.0,
        8.0
      ],
      "to": [
        10.0,
        8.0,
        18.0
      ],
      "rotation": {
        "angle": 0.0,
        "axis": "y",
        "origin": [
          0.0,
          0.0,
          0.0
        ]
      },
      "faces": {
        "north": {
          "texture": "#all",
          "tintindex": 0,
          "uv": [
            2.81625,
            5.50375,
            3.0587500000000003,
            5.62125
          ]
        },
        "east": {
          "texture": "#all",
          "tintindex": 0,
          "uv": [
            2.19125,
            5.50375,
            2.8087500000000003,
            5.62125
          ]
        },
        "south": {
          "texture": "#all",
          "tintindex": 0,
          "uv": [
            3.69125,
            5.50375,
            3.9337500000000003,
            5.62125
          ]
        },
        "west": {
          "texture": "#all",
          "tintindex": 0,
          "uv": [
            3.06625,
            5.50375,
            3.6837500000000003,
            5.62125
          ]
        },
        "up": {
          "texture": "#all",
          "tintindex": 0,
          "uv": [
            3.0587500000000003,
            5.49625,
            2.81625,
            4.87875
          ]
        },
        "down": {
          "texture": "#all",
          "tintindex": 0,
          "uv": [
            3.3087500000000003,
            4.87875,
            3.06625,
            5.49625
          ]
        }
      }
    },
    {
      "from": [
        7.0,
        5.0,
        8.0
      ],
      "to": [
        9.0,
        6.0,
        18.0
      ],
      "rotation": {
        "angle": 0.0,
        "axis": "y",
        "origin": [
          0.0,
          0.0,
          0.0
        ]
      },
      "faces": {
        "north": {
          "texture": "#all",
          "tintindex": 0,
          "uv": [
            0.62875,
            1.37875,
            0.7462500000000001,
            1.4337499999999999
          ]
        },
        "east": {
          "texture": "#all",
          "tintindex": 0,
          "uv": [
            0.00375,
            1.37875,
            0.6212500000000001,
            1.4337499999999999
          ]
        },
        "south": {
          "texture": "#all",
          "tintindex": 0,
          "uv": [
            1.37875,
            1.37875,
            1.4962499999999999,
            1.4337499999999999
          ]
        },
        "west": {
          "texture": "#all",
          "tintindex": 0,
          "uv": [
            0.75375,
            1.37875,
            1.37125,
            1.4337499999999999
          ]
        },
        "up": {
          "texture": "#all",
          "tintindex": 0,
          "uv": [
            0.7462500000000001,
            1.37125,
            0.62875,
            0.75375
          ]
        },
        "down": {
          "texture": "#all",
          "tintindex": 0,
          "uv": [
            0.8712500000000001,
            0.75375,
            0.75375,
            1.37125
          ]
        }
      }
    },
    {
      "from": [
        7.0,
        5.0,
        18.0
      ],
      "to": [
        9.0,
        7.0,
        28.0
      ],
      "rotation": {
        "angle": 0.0,
        "axis": "y",
        "origin": [
          0.0,
          0.0,
          0.0
        ]
      },
      "faces": {
        "north": {
          "texture": "#all",
          "tintindex": 0,
          "uv": [
            0.62875,
            0.62875,
            0.7462500000000001,
            0.7462500000000001
          ]
        },
        "east": {
          "texture": "#all",
          "tintindex": 0,
          "uv": [
            0.00375,
            0.62875,
            0.6212500000000001,
            0.7462500000000001
          ]
        },
        "south": {
          "texture": "#all",
          "tintindex": 0,
          "uv": [
            1.37875,
            0.62875,
            1.4962499999999999,
            0.7462500000000001
          ]
        },
        "west": {
          "texture": "#all",
          "tintindex": 0,
          "uv": [
            0.75375,
            0.62875,
            1.37125,
            0.7462500000000001
          ]
        },
        "up": {
          "texture": "#all",
          "tintindex": 0,
          "uv": [
            0.7462500000000001,
            0.6212500000000001,
            0.62875,
            0.00375
          ]
        },
        "down": {
          "texture": "#all",
          "tintindex": 0,
          "uv": [
            0.8712500000000001,
            0.00374999999999992,
            0.75375,
            0.62125
          ]
        }
      }
    }
  ],
  "display": {
    "head": {
      "rotation": [
        0.0,
        0.0,
        0.0
      ],
      "translation": [
        0.0,
        -6.32,
        0.0
      ],
      "scale": [
        1.601,
        1.601,
        1.601
      ]
    }
  }
}