{
  "textures": {
    "all": "ocean_additions:colony_queen_speed/all"
  },
  "elements": [
    {
      "from": [
        5.0,
        7.0,
        -5.0
      ],
      "to": [
        8.0,
        10.0,
        11.0
      ],
      "rotation": {
        "angle": 0.0,
        "axis": "y",
        "origin": [
          0.0,
          0.0,
          0.0
        ]
      },
      "faces": {
        "north": {
          "texture": "#all",
          "tintindex": 0,
          "uv": [
            6.37875,
            1.00375,
            6.55875,
            1.1837499999999999
          ]
        },
        "east": {
          "texture": "#all",
          "tintindex": 0,
          "uv": [
            5.37875,
            1.00375,
            6.37125,
            1.1837499999999999
          ]
        },
        "south": {
          "texture": "#all",
          "tintindex": 0,
          "uv": [
            7.56625,
            1.00375,
            7.74625,
            1.1837499999999999
          ]
        },
        "west": {
          "texture": "#all",
          "tintindex": 0,
          "uv": [
            6.56625,
            1.00375,
            7.55875,
            1.1837499999999999
          ]
        },
        "up": {
          "texture": "#all",
          "tintindex": 0,
          "uv": [
            6.55875,
            0.9962500000000001,
            6.37875,
            0.00375
          ]
        },
        "down": {
          "texture": "#all",
          "tintindex": 0,
          "uv": [
            6.74625,
            0.00374999999999992,
            6.56625,
            0.99625
          ]
        }
      }
    }
  ],
  "display": {
    "head": {
      "rotation": [
        0.0,
        0.0,
        0.0
      ],
      "translation": [
        0.0,
        -6.32,
        0.0
      ],
      "scale": [
        1.601,
        1.601,
        1.601
      ]
    }
  }
}