{
  "textures": {
    "all": "ocean_additions:colony_queen_defense/all"
  },
  "elements": [
    {
      "from": [
        0.0,
        -3.5,
        6.5
      ],
      "to": [
        3.0,
        14.5,
        9.5
      ],
      "rotation": {
        "angle": 0.0,
        "axis": "y",
        "origin": [
          0.0,
          0.0,
          0.0
        ]
      },
      "faces": {
        "north": {
          "texture": "#all",
          "tintindex": 0,
          "uv": [
            0.19125,
            3.44125,
            0.37124999999999997,
            4.55875
          ]
        },
        "east": {
          "texture": "#all",
          "tintindex": 0,
          "uv": [
            0.00375,
            3.44125,
            0.18375,
            4.55875
          ]
        },
        "south": {
          "texture": "#all",
          "tintindex": 0,
          "uv": [
            0.56625,
            3.44125,
            0.7462500000000001,
            4.55875
          ]
        },
        "west": {
          "texture": "#all",
          "tintindex": 0,
          "uv": [
            0.37875,
            3.44125,
            0.55875,
            4.55875
          ]
        },
        "up": {
          "texture": "#all",
          "tintindex": 0,
          "uv": [
            0.37124999999999997,
            3.4337500000000003,
            0.19125,
            3.25375
          ]
        },
        "down": {
          "texture": "#all",
          "tintindex": 0,
          "uv": [
            0.55875,
            3.2537499999999997,
            0.37875,
            3.43375
          ]
        }
      }
    },
    {
      "from": [
        -5.0,
        4.5,
        6.5
      ],
      "to": [
        10.0,
        7.5,
        9.5
      ],
      "rotation": {
        "angle": -45.0,
        "axis": "z",
        "origin": [
          9.5,
          6.0,
          8.0
        ]
      },
      "faces": {
        "north": {
          "texture": "#all",
          "tintindex": 0,
          "uv": [
            2.06625,
            1.44125,
            2.9962500000000003,
            1.6212499999999999
          ]
        },
        "east": {
          "texture": "#all",
          "tintindex": 0,
          "uv": [
            1.87875,
            1.44125,
            2.05875,
            1.6212499999999999
          ]
        },
        "south": {
          "texture": "#all",
          "tintindex": 0,
          "uv": [
            3.19125,
            1.44125,
            4.12125,
            1.6212499999999999
          ]
        },
        "west": {
          "texture": "#all",
          "tintindex": 0,
          "uv": [
            3.00375,
            1.44125,
            3.1837500000000003,
            1.6212499999999999
          ]
        },
        "up": {
          "texture": "#all",
          "tintindex": 0,
          "uv": [
            2.9962500000000003,
            1.4337499999999999,
            2.06625,
            1.25375
          ]
        },
        "down": {
          "texture": "#all",
          "tintindex": 0,
          "uv": [
            3.9337500000000003,
            1.2537500000000001,
            3.00375,
            1.43375
          ]
        }
      }
    }
  ],
  "display": {
    "head": {
      "rotation": [
        0.0,
        0.0,
        0.0
      ],
      "translation": [
        0.0,
        -6.32,
        0.0
      ],
      "scale": [
        1.601,
        1.601,
        1.601
      ]
    }
  }
}