{
  "textures": {
    "all": "ocean_additions:colony_queen_defense/all"
  },
  "elements": [
    {
      "from": [
        5.96875,
        6.0,
        1.15625
      ],
      "to": [
        9.96875,
        9.0,
        8.15625
      ],
      "rotation": {
        "angle": 0.0,
        "axis": "y",
        "origin": [
          0.0,
          0.0,
          0.0
        ]
      },
      "faces": {
        "north": {
          "texture": "#all",
          "tintindex": 0,
          "uv": [
            2.37875,
            7.56625,
            2.6212500000000003,
            7.74625
          ]
        },
        "east": {
          "texture": "#all",
          "tintindex": 0,
          "uv": [
            1.94125,
            7.56625,
            2.37125,
            7.74625
          ]
        },
        "south": {
          "texture": "#all",
          "tintindex": 0,
          "uv": [
            3.06625,
            7.56625,
            3.3087500000000003,
            7.74625
          ]
        },
        "west": {
          "texture": "#all",
          "tintindex": 0,
          "uv": [
            2.62875,
            7.56625,
            3.0587500000000003,
            7.74625
          ]
        },
        "up": {
          "texture": "#all",
          "tintindex": 0,
          "uv": [
            2.6212500000000003,
            7.55875,
            2.37875,
            7.12875
          ]
        },
        "down": {
          "texture": "#all",
          "tintindex": 0,
          "uv": [
            2.8712500000000003,
            7.12875,
            2.62875,
            7.55875
          ]
        }
      }
    },
    {
      "from": [
        9.96875,
        9.0,
        8.15625
      ],
      "to": [
        5.96875,
        6.0,
        1.15625
      ],
      "rotation": {
        "angle": 0.0,
        "axis": "y",
        "origin": [
          0.0,
          0.0,
          0.0
        ]
      },
      "faces": {
        "north": {
          "texture": "#all",
          "tintindex": 0,
          "uv": [
            3.06625,
            7.74625,
            3.3087500000000003,
            7.56625
          ]
        },
        "east": {
          "texture": "#all",
          "tintindex": 0,
          "uv": [
            2.62875,
            7.74625,
            3.0587500000000003,
            7.56625
          ]
        },
        "south": {
          "texture": "#all",
          "tintindex": 0,
          "uv": [
            2.37875,
            7.74625,
            2.6212500000000003,
            7.56625
          ]
        },
        "west": {
          "texture": "#all",
          "tintindex": 0,
          "uv": [
            1.94125,
            7.74625,
            2.37125,
            7.56625
          ]
        },
        "up": {
          "texture": "#all",
          "tintindex": 0,
          "uv": [
            2.6287499999999997,
            7.12875,
            2.87125,
            7.55875
          ]
        },
        "down": {
          "texture": "#all",
          "tintindex": 0,
          "uv": [
            2.3787499999999997,
            7.55875,
            2.62125,
            7.12875
          ]
        }
      }
    }
  ],
  "display": {
    "head": {
      "rotation": [
        0.0,
        0.0,
        0.0
      ],
      "translation": [
        0.0,
        -6.32,
        0.0
      ],
      "scale": [
        1.601,
        1.601,
        1.601
      ]
    }
  }
}