{
  "textures": {
    "all": "ocean_additions:colony_queen_speed/all"
  },
  "elements": [
    {
      "from": [
        8.0,
        7.0,
        -5.0
      ],
      "to": [
        11.0,
        10.0,
        11.0
      ],
      "rotation": {
        "angle": 0.0,
        "axis": "y",
        "origin": [
          0.0,
          0.0,
          0.0
        ]
      },
      "faces": {
        "north": {
          "texture": "#all",
          "tintindex": 0,
          "uv": [
            1.00375,
            7.00375,
            1.1837499999999999,
            7.18375
          ]
        },
        "east": {
          "texture": "#all",
          "tintindex": 0,
          "uv": [
            0.00375,
            7.00375,
            0.9962500000000001,
            7.18375
          ]
        },
        "south": {
          "texture": "#all",
          "tintindex": 0,
          "uv": [
            2.19125,
            7.00375,
            2.3712500000000003,
            7.18375
          ]
        },
        "west": {
          "texture": "#all",
          "tintindex": 0,
          "uv": [
            1.19125,
            7.00375,
            2.18375,
            7.18375
          ]
        },
        "up": {
          "texture": "#all",
          "tintindex": 0,
          "uv": [
            1.1837499999999999,
            6.99625,
            1.00375,
            6.00375
          ]
        },
        "down": {
          "texture": "#all",
          "tintindex": 0,
          "uv": [
            1.3712499999999999,
            6.00375,
            1.19125,
            6.99625
          ]
        }
      }
    }
  ],
  "display": {
    "head": {
      "rotation": [
        0.0,
        0.0,
        0.0
      ],
      "translation": [
        0.0,
        -6.32,
        0.0
      ],
      "scale": [
        1.601,
        1.601,
        1.601
      ]
    }
  }
}