{
  "textures": {
    "all": "ocean_additions:colony_queen_speed/all"
  },
  "elements": [
    {
      "from": [
        6.75,
        6.5,
        -5.0
      ],
      "to": [
        9.75,
        9.5,
        16.0
      ],
      "rotation": {
        "angle": 0.0,
        "axis": "y",
        "origin": [
          0.0,
          0.0,
          0.0
        ]
      },
      "faces": {
        "north": {
          "texture": "#all",
          "tintindex": 0,
          "uv": [
            3.75375,
            3.25375,
            3.9337500000000003,
            3.4337500000000003
          ]
        },
        "east": {
          "texture": "#all",
          "tintindex": 0,
          "uv": [
            2.44125,
            3.25375,
            3.74625,
            3.4337500000000003
          ]
        },
        "south": {
          "texture": "#all",
          "tintindex": 0,
          "uv": [
            5.25375,
            3.25375,
            5.43375,
            3.4337500000000003
          ]
        },
        "west": {
          "texture": "#all",
          "tintindex": 0,
          "uv": [
            3.94125,
            3.25375,
            5.24625,
            3.4337500000000003
          ]
        },
        "up": {
          "texture": "#all",
          "tintindex": 0,
          "uv": [
            3.9337500000000003,
            3.24625,
            3.75375,
            1.94125
          ]
        },
        "down": {
          "texture": "#all",
          "tintindex": 0,
          "uv": [
            4.12125,
            1.94125,
            3.94125,
            3.24625
          ]
        }
      }
    }
  ],
  "display": {
    "head": {
      "rotation": [
        0.0,
        0.0,
        0.0
      ],
      "translation": [
        0.0,
        -6.32,
        0.0
      ],
      "scale": [
        1.601,
        1.601,
        1.601
      ]
    }
  }
}