{
  "textures": {
    "all": "ocean_additions:colony_queen_speed/all"
  },
  "elements": [
    {
      "from": [
        4.0,
        8.0,
        9.0
      ],
      "to": [
        12.0,
        10.0,
        22.0
      ],
      "rotation": {
        "angle": 0.0,
        "axis": "y",
        "origin": [
          0.0,
          0.0,
          0.0
        ]
      },
      "faces": {
        "north": {
          "texture": "#all",
          "tintindex": 0,
          "uv": [
            3.19125,
            7.00375,
            3.6837500000000003,
            7.12125
          ]
        },
        "east": {
          "texture": "#all",
          "tintindex": 0,
          "uv": [
            2.37875,
            7.00375,
            3.1837500000000003,
            7.12125
          ]
        },
        "south": {
          "texture": "#all",
          "tintindex": 0,
          "uv": [
            4.50375,
            7.00375,
            4.99625,
            7.12125
          ]
        },
        "west": {
          "texture": "#all",
          "tintindex": 0,
          "uv": [
            3.69125,
            7.00375,
            4.49625,
            7.12125
          ]
        },
        "up": {
          "texture": "#all",
          "tintindex": 0,
          "uv": [
            3.6837500000000003,
            6.99625,
            3.19125,
            6.19125
          ]
        },
        "down": {
          "texture": "#all",
          "tintindex": 0,
          "uv": [
            4.18375,
            6.19125,
            3.69125,
            6.99625
          ]
        }
      }
    },
    {
      "from": [
        5.0,
        5.0,
        7.0
      ],
      "to": [
        11.0,
        8.0,
        22.0
      ],
      "rotation": {
        "angle": 0.0,
        "axis": "y",
        "origin": [
          0.0,
          0.0,
          0.0
        ]
      },
      "faces": {
        "north": {
          "texture": "#all",
          "tintindex": 0,
          "uv": [
            6.12875,
            6.19125,
            6.49625,
            6.37125
          ]
        },
        "east": {
          "texture": "#all",
          "tintindex": 0,
          "uv": [
            5.19125,
            6.19125,
            6.12125,
            6.37125
          ]
        },
        "south": {
          "texture": "#all",
          "tintindex": 0,
          "uv": [
            7.44125,
            6.19125,
            7.80875,
            6.37125
          ]
        },
        "west": {
          "texture": "#all",
          "tintindex": 0,
          "uv": [
            6.50375,
            6.19125,
            7.43375,
            6.37125
          ]
        },
        "up": {
          "texture": "#all",
          "tintindex": 0,
          "uv": [
            6.49625,
            6.18375,
            6.12875,
            5.25375
          ]
        },
        "down": {
          "texture": "#all",
          "tintindex": 0,
          "uv": [
            6.87125,
            5.25375,
            6.50375,
            6.18375
          ]
        }
      }
    },
    {
      "from": [
        6.0,
        5.0,
        22.0
      ],
      "to": [
        10.0,
        7.0,
        30.0
      ],
      "rotation": {
        "angle": 0.0,
        "axis": "y",
        "origin": [
          0.0,
          0.0,
          0.0
        ]
      },
      "faces": {
        "north": {
          "texture": "#all",
          "tintindex": 0,
          "uv": [
            7.50375,
            3.31625,
            7.74625,
            3.4337500000000003
          ]
        },
        "east": {
          "texture": "#all",
          "tintindex": 0,
          "uv": [
            7.00375,
            3.31625,
            7.49625,
            3.4337500000000003
          ]
        },
        "south": {
          "texture": "#all",
          "tintindex": 0,
          "uv": [
            8.25375,
            3.31625,
            8.49625,
            3.4337500000000003
          ]
        },
        "west": {
          "texture": "#all",
          "tintindex": 0,
          "uv": [
            7.75375,
            3.31625,
            8.24625,
            3.4337500000000003
          ]
        },
        "up": {
          "texture": "#all",
          "tintindex": 0,
          "uv": [
            7.74625,
            3.3087500000000003,
            7.50375,
            2.81625
          ]
        },
        "down": {
          "texture": "#all",
          "tintindex": 0,
          "uv": [
            7.99625,
            2.8162499999999997,
            7.75375,
            3.30875
          ]
        }
      }
    },
    {
      "from": [
        5.0,
        7.0,
        22.0
      ],
      "to": [
        11.0,
        9.0,
        30.0
      ],
      "rotation": {
        "angle": 0.0,
        "axis": "y",
        "origin": [
          0.0,
          0.0,
          0.0
        ]
      },
      "faces": {
        "north": {
          "texture": "#all",
          "tintindex": 0,
          "uv": [
            1.87875,
            6.50375,
            2.24625,
            6.62125
          ]
        },
        "east": {
          "texture": "#all",
          "tintindex": 0,
          "uv": [
            1.37875,
            6.50375,
            1.8712499999999999,
            6.62125
          ]
        },
        "south": {
          "texture": "#all",
          "tintindex": 0,
          "uv": [
            2.75375,
            6.50375,
            3.1212500000000003,
            6.62125
          ]
        },
        "west": {
          "texture": "#all",
          "tintindex": 0,
          "uv": [
            2.25375,
            6.50375,
            2.7462500000000003,
            6.62125
          ]
        },
        "up": {
          "texture": "#all",
          "tintindex": 0,
          "uv": [
            2.24625,
            6.49625,
            1.87875,
            6.00375
          ]
        },
        "down": {
          "texture": "#all",
          "tintindex": 0,
          "uv": [
            2.6212500000000003,
            6.00375,
            2.25375,
            6.49625
          ]
        }
      }
    }
  ],
  "display": {
    "head": {
      "rotation": [
        0.0,
        0.0,
        0.0
      ],
      "translation": [
        0.0,
        -6.32,
        0.0
      ],
      "scale": [
        1.601,
        1.601,
        1.601
      ]
    }
  }
}