{
  "textures": {
    "all": "ocean_additions:colony_queen_offense/all"
  },
  "elements": [
    {
      "from": [
        7.0,
        6.0,
        1.0
      ],
      "to": [
        11.0,
        8.0,
        8.0
      ],
      "rotation": {
        "angle": -22.5,
        "axis": "y",
        "origin": [
          8.0,
          8.0,
          7.0
        ]
      },
      "faces": {
        "north": {
          "texture": "#all",
          "tintindex": 0,
          "uv": [
            1.37875,
            7.75375,
            1.6212499999999999,
            7.87125
          ]
        },
        "east": {
          "texture": "#all",
          "tintindex": 0,
          "uv": [
            0.94125,
            7.75375,
            1.37125,
            7.87125
          ]
        },
        "south": {
          "texture": "#all",
          "tintindex": 0,
          "uv": [
            2.06625,
            7.75375,
            2.3087500000000003,
            7.87125
          ]
        },
        "west": {
          "texture": "#all",
          "tintindex": 0,
          "uv": [
            1.62875,
            7.75375,
            2.05875,
            7.87125
          ]
        },
        "up": {
          "texture": "#all",
          "tintindex": 0,
          "uv": [
            1.6212499999999999,
            7.74625,
            1.37875,
            7.31625
          ]
        },
        "down": {
          "texture": "#all",
          "tintindex": 0,
          "uv": [
            1.8712499999999999,
            7.31625,
            1.62875,
            7.74625
          ]
        }
      }
    },
    {
      "from": [
        5.0,
        6.0,
        1.0
      ],
      "to": [
        9.0,
        8.0,
        8.0
      ],
      "rotation": {
        "angle": 22.5,
        "axis": "y",
        "origin": [
          8.0,
          8.0,
          7.0
        ]
      },
      "faces": {
        "north": {
          "texture": "#all",
          "tintindex": 0,
          "uv": [
            6.56625,
            7.62875,
            6.80875,
            7.74625
          ]
        },
        "east": {
          "texture": "#all",
          "tintindex": 0,
          "uv": [
            6.12875,
            7.62875,
            6.55875,
            7.74625
          ]
        },
        "south": {
          "texture": "#all",
          "tintindex": 0,
          "uv": [
            7.25375,
            7.62875,
            7.49625,
            7.74625
          ]
        },
        "west": {
          "texture": "#all",
          "tintindex": 0,
          "uv": [
            6.81625,
            7.62875,
            7.24625,
            7.74625
          ]
        },
        "up": {
          "texture": "#all",
          "tintindex": 0,
          "uv": [
            6.80875,
            7.62125,
            6.56625,
            7.19125
          ]
        },
        "down": {
          "texture": "#all",
          "tintindex": 0,
          "uv": [
            7.05875,
            7.19125,
            6.81625,
            7.62125
          ]
        }
      }
    }
  ],
  "display": {
    "head": {
      "rotation": [
        0.0,
        0.0,
        0.0
      ],
      "translation": [
        0.0,
        -6.32,
        0.0
      ],
      "scale": [
        1.601,
        1.601,
        1.601
      ]
    }
  }
}