{
  "textures": {
    "all": "ocean_additions:colony_queen_offense/all"
  },
  "elements": [
    {
      "from": [
        6.0,
        4.5,
        6.5
      ],
      "to": [
        21.0,
        7.5,
        9.5
      ],
      "rotation": {
        "angle": 45.0,
        "axis": "z",
        "origin": [
          6.5,
          6.0,
          8.0
        ]
      },
      "faces": {
        "north": {
          "texture": "#all",
          "tintindex": 0,
          "uv": [
            7.06625,
            5.81625,
            7.99625,
            5.99625
          ]
        },
        "east": {
          "texture": "#all",
          "tintindex": 0,
          "uv": [
            6.87875,
            5.81625,
            7.05875,
            5.99625
          ]
        },
        "south": {
          "texture": "#all",
          "tintindex": 0,
          "uv": [
            8.19125,
            5.81625,
            9.12125,
            5.99625
          ]
        },
        "west": {
          "texture": "#all",
          "tintindex": 0,
          "uv": [
            8.00375,
            5.81625,
            8.18375,
            5.99625
          ]
        },
        "up": {
          "texture": "#all",
          "tintindex": 0,
          "uv": [
            7.99625,
            5.80875,
            7.06625,
            5.62875
          ]
        },
        "down": {
          "texture": "#all",
          "tintindex": 0,
          "uv": [
            8.93375,
            5.62875,
            8.00375,
            5.80875
          ]
        }
      }
    },
    {
      "from": [
        13.0,
        -3.5,
        6.5
      ],
      "to": [
        16.0,
        14.5,
        9.5
      ],
      "rotation": {
        "angle": 0.0,
        "axis": "y",
        "origin": [
          0.0,
          0.0,
          0.0
        ]
      },
      "faces": {
        "north": {
          "texture": "#all",
          "tintindex": 0,
          "uv": [
            1.87875,
            3.44125,
            2.05875,
            4.55875
          ]
        },
        "east": {
          "texture": "#all",
          "tintindex": 0,
          "uv": [
            1.69125,
            3.44125,
            1.8712499999999999,
            4.55875
          ]
        },
        "south": {
          "texture": "#all",
          "tintindex": 0,
          "uv": [
            2.25375,
            3.44125,
            2.4337500000000003,
            4.55875
          ]
        },
        "west": {
          "texture": "#all",
          "tintindex": 0,
          "uv": [
            2.06625,
            3.44125,
            2.2462500000000003,
            4.55875
          ]
        },
        "up": {
          "texture": "#all",
          "tintindex": 0,
          "uv": [
            2.05875,
            3.4337500000000003,
            1.87875,
            3.25375
          ]
        },
        "down": {
          "texture": "#all",
          "tintindex": 0,
          "uv": [
            2.2462500000000003,
            3.2537499999999997,
            2.06625,
            3.43375
          ]
        }
      }
    }
  ],
  "display": {
    "head": {
      "rotation": [
        0.0,
        0.0,
        0.0
      ],
      "translation": [
        0.0,
        -6.32,
        0.0
      ],
      "scale": [
        1.601,
        1.601,
        1.601
      ]
    }
  }
}