{
  "textures": {
    "all": "ocean_additions:colony_queen_defense/all"
  },
  "elements": [
    {
      "from": [
        5.0,
        8.0,
        -6.0
      ],
      "to": [
        11.0,
        12.0,
        9.0
      ],
      "rotation": {
        "angle": 0.0,
        "axis": "y",
        "origin": [
          0.0,
          0.0,
          0.0
        ]
      },
      "faces": {
        "north": {
          "texture": "#all",
          "tintindex": 0,
          "uv": [
            6.00375,
            4.56625,
            6.37125,
            4.80875
          ]
        },
        "east": {
          "texture": "#all",
          "tintindex": 0,
          "uv": [
            5.06625,
            4.56625,
            5.99625,
            4.80875
          ]
        },
        "south": {
          "texture": "#all",
          "tintindex": 0,
          "uv": [
            7.31625,
            4.56625,
            7.68375,
            4.80875
          ]
        },
        "west": {
          "texture": "#all",
          "tintindex": 0,
          "uv": [
            6.37875,
            4.56625,
            7.30875,
            4.80875
          ]
        },
        "up": {
          "texture": "#all",
          "tintindex": 0,
          "uv": [
            6.37125,
            4.55875,
            6.00375,
            3.62875
          ]
        },
        "down": {
          "texture": "#all",
          "tintindex": 0,
          "uv": [
            6.74625,
            3.6287499999999997,
            6.37875,
            4.55875
          ]
        }
      }
    },
    {
      "from": [
        4.0,
        7.0,
        3.0
      ],
      "to": [
        12.0,
        13.0,
        6.0
      ],
      "rotation": {
        "angle": 0.0,
        "axis": "y",
        "origin": [
          0.0,
          0.0,
          0.0
        ]
      },
      "faces": {
        "north": {
          "texture": "#all",
          "tintindex": 0,
          "uv": [
            0.19125,
            7.37875,
            0.68375,
            7.74625
          ]
        },
        "east": {
          "texture": "#all",
          "tintindex": 0,
          "uv": [
            0.00375,
            7.37875,
            0.18375,
            7.74625
          ]
        },
        "south": {
          "texture": "#all",
          "tintindex": 0,
          "uv": [
            0.87875,
            7.37875,
            1.37125,
            7.74625
          ]
        },
        "west": {
          "texture": "#all",
          "tintindex": 0,
          "uv": [
            0.69125,
            7.37875,
            0.8712500000000001,
            7.74625
          ]
        },
        "up": {
          "texture": "#all",
          "tintindex": 0,
          "uv": [
            0.68375,
            7.37125,
            0.19125,
            7.19125
          ]
        },
        "down": {
          "texture": "#all",
          "tintindex": 0,
          "uv": [
            1.18375,
            7.19125,
            0.69125,
            7.37125
          ]
        }
      }
    },
    {
      "from": [
        7.0,
        12.984380000000002,
        -3.4218699999999984
      ],
      "to": [
        9.0,
        16.98438,
        22.57813
      ],
      "rotation": {
        "angle": -22.5,
        "axis": "x",
        "origin": [
          8.0,
          8.0,
          8.0
        ]
      },
      "faces": {
        "north": {
          "texture": "#all",
          "tintindex": 0,
          "uv": [
            1.62875,
            1.62875,
            1.7462499999999999,
            1.8712499999999999
          ]
        },
        "east": {
          "texture": "#all",
          "tintindex": 0,
          "uv": [
            0.00375,
            1.62875,
            1.6212499999999999,
            1.8712499999999999
          ]
        },
        "south": {
          "texture": "#all",
          "tintindex": 0,
          "uv": [
            3.37875,
            1.62875,
            3.4962500000000003,
            1.8712499999999999
          ]
        },
        "west": {
          "texture": "#all",
          "tintindex": 0,
          "uv": [
            1.75375,
            1.62875,
            3.37125,
            1.8712499999999999
          ]
        },
        "up": {
          "texture": "#all",
          "tintindex": 0,
          "uv": [
            1.7462499999999999,
            1.6212499999999999,
            1.62875,
            0.00375
          ]
        },
        "down": {
          "texture": "#all",
          "tintindex": 0,
          "uv": [
            1.8712499999999999,
            0.003750000000000142,
            1.75375,
            1.62125
          ]
        }
      }
    },
    {
      "from": [
        6.0,
        11.984380000000002,
        17.57813
      ],
      "to": [
        10.0,
        17.98438,
        20.57813
      ],
      "rotation": {
        "angle": -22.5,
        "axis": "x",
        "origin": [
          8.0,
          8.0,
          8.0
        ]
      },
      "faces": {
        "north": {
          "texture": "#all",
          "tintindex": 0,
          "uv": [
            2.06625,
            0.19125,
            2.3087500000000003,
            0.55875
          ]
        },
        "east": {
          "texture": "#all",
          "tintindex": 0,
          "uv": [
            1.87875,
            0.19125,
            2.05875,
            0.55875
          ]
        },
        "south": {
          "texture": "#all",
          "tintindex": 0,
          "uv": [
            2.50375,
            0.19125,
            2.7462500000000003,
            0.55875
          ]
        },
        "west": {
          "texture": "#all",
          "tintindex": 0,
          "uv": [
            2.31625,
            0.19125,
            2.4962500000000003,
            0.55875
          ]
        },
        "up": {
          "texture": "#all",
          "tintindex": 0,
          "uv": [
            2.3087500000000003,
            0.18375,
            2.06625,
            0.00375
          ]
        },
        "down": {
          "texture": "#all",
          "tintindex": 0,
          "uv": [
            2.5587500000000003,
            0.0037500000000000033,
            2.31625,
            0.18375
          ]
        }
      }
    },
    {
      "from": [
        6.0,
        11.984380000000002,
        9.578130000000002
      ],
      "to": [
        10.0,
        17.98438,
        12.578130000000002
      ],
      "rotation": {
        "angle": -22.5,
        "axis": "x",
        "origin": [
          8.0,
          8.0,
          8.0
        ]
      },
      "faces": {
        "north": {
          "texture": "#all",
          "tintindex": 0,
          "uv": [
            0.19125,
            2.06625,
            0.43374999999999997,
            2.4337500000000003
          ]
        },
        "east": {
          "texture": "#all",
          "tintindex": 0,
          "uv": [
            0.00375,
            2.06625,
            0.18375,
            2.4337500000000003
          ]
        },
        "south": {
          "texture": "#all",
          "tintindex": 0,
          "uv": [
            0.62875,
            2.06625,
            0.8712500000000001,
            2.4337500000000003
          ]
        },
        "west": {
          "texture": "#all",
          "tintindex": 0,
          "uv": [
            0.44125,
            2.06625,
            0.62125,
            2.4337500000000003
          ]
        },
        "up": {
          "texture": "#all",
          "tintindex": 0,
          "uv": [
            0.43374999999999997,
            2.05875,
            0.19125,
            1.87875
          ]
        },
        "down": {
          "texture": "#all",
          "tintindex": 0,