{
  "textures": {
    "all": "ocean_additions:colony_queen_offense/all"
  },
  "elements": [
    {
      "from": [
        6.03127,
        6.0,
        1.15625
      ],
      "to": [
        10.03127,
        9.0,
        8.15625
      ],
      "rotation": {
        "angle": 0.0,
        "axis": "y",
        "origin": [
          0.0,
          0.0,
          0.0
        ]
      },
      "faces": {
        "north": {
          "texture": "#all",
          "tintindex": 0,
          "uv": [
            4.12875,
            1.69125,
            4.37125,
            1.8712499999999999
          ]
        },
        "east": {
          "texture": "#all",
          "tintindex": 0,
          "uv": [
            3.69125,
            1.69125,
            4.12125,
            1.8712499999999999
          ]
        },
        "south": {
          "texture": "#all",
          "tintindex": 0,
          "uv": [
            4.81625,
            1.69125,
            5.05875,
            1.8712499999999999
          ]
        },
        "west": {
          "texture": "#all",
          "tintindex": 0,
          "uv": [
            4.37875,
            1.69125,
            4.80875,
            1.8712499999999999
          ]
        },
        "up": {
          "texture": "#all",
          "tintindex": 0,
          "uv": [
            4.37125,
            1.6837499999999999,
            4.12875,
            1.25375
          ]
        },
        "down": {
          "texture": "#all",
          "tintindex": 0,
          "uv": [
            4.62125,
            1.2537500000000001,
            4.37875,
            1.68375
          ]
        }
      }
    },
    {
      "from": [
        10.03127,
        9.0,
        8.15625
      ],
      "to": [
        6.031269999999999,
        6.0,
        1.15625
      ],
      "rotation": {
        "angle": 0.0,
        "axis": "y",
        "origin": [
          0.0,
          0.0,
          0.0
        ]
      },
      "faces": {
        "north": {
          "texture": "#all",
          "tintindex": 0,
          "uv": [
            4.81625,
            1.87125,
            5.05875,
            1.6912500000000001
          ]
        },
        "east": {
          "texture": "#all",
          "tintindex": 0,
          "uv": [
            4.37875,
            1.87125,
            4.80875,
            1.6912500000000001
          ]
        },
        "south": {
          "texture": "#all",
          "tintindex": 0,
          "uv": [
            4.12875,
            1.87125,
            4.37125,
            1.6912500000000001
          ]
        },
        "west": {
          "texture": "#all",
          "tintindex": 0,
          "uv": [
            3.69125,
            1.87125,
            4.12125,
            1.6912500000000001
          ]
        },
        "up": {
          "texture": "#all",
          "tintindex": 0,
          "uv": [
            4.37875,
            1.2537500000000001,
            4.62125,
            1.68375
          ]
        },
        "down": {
          "texture": "#all",
          "tintindex": 0,
          "uv": [
            4.12875,
            1.6837499999999999,
            4.37125,
            1.25375
          ]
        }
      }
    }
  ],
  "display": {
    "head": {
      "rotation": [
        0.0,
        0.0,
        0.0
      ],
      "translation": [
        0.0,
        -6.32,
        0.0
      ],
      "scale": [
        1.601,
        1.601,
        1.601
      ]
    }
  }
}