{
  "textures": {
    "all": "ocean_additions:colony_queen_offense/all"
  },
  "elements": [
    {
      "from": [
        6.5,
        6.5,
        -5.0
      ],
      "to": [
        9.5,
        9.5,
        16.0
      ],
      "rotation": {
        "angle": 0.0,
        "axis": "y",
        "origin": [
          0.0,
          0.0,
          0.0
        ]
      },
      "faces": {
        "north": {
          "texture": "#all",
          "tintindex": 0,
          "uv": [
            1.31625,
            4.56625,
            1.4962499999999999,
            4.74625
          ]
        },
        "east": {
          "texture": "#all",
          "tintindex": 0,
          "uv": [
            0.00375,
            4.56625,
            1.3087499999999999,
            4.74625
          ]
        },
        "south": {
          "texture": "#all",
          "tintindex": 0,
          "uv": [
            2.81625,
            4.56625,
            2.9962500000000003,
            4.74625
          ]
        },
        "west": {
          "texture": "#all",
          "tintindex": 0,
          "uv": [
            1.50375,
            4.56625,
            2.80875,
            4.74625
          ]
        },
        "up": {
          "texture": "#all",
          "tintindex": 0,
          "uv": [
            1.4962499999999999,
            4.55875,
            1.31625,
            3.25375
          ]
        },
        "down": {
          "texture": "#all",
          "tintindex": 0,
          "uv": [
            1.6837499999999999,
            3.25375,
            1.50375,
            4.55875
          ]
        }
      }
    }
  ],
  "display": {
    "head": {
      "rotation": [
        0.0,
        0.0,
        0.0
      ],
      "translation": [
        0.0,
        -6.32,
        0.0
      ],
      "scale": [
        1.601,
        1.601,
        1.601
      ]
    }
  }
}